Mixture,Count
CNc1ccccc1 | Cc1ccccc1,6
CC(C)CC(C)(C)C | CC(C)OC(C)C,6
C1CCOCC1 | c1ccncc1,6
CCCCOC(C)=O | CCOC(C)=O,6
CN(C)C=O | ClCCCl,6
CC(C)CC(C)(C)C | CCO,6
CO | COC=O,6
CCC(C)=O | CCCCO,6
CN1CCCC1=O | ClCCCCCl,6
CCOC(C)(C)C | Cc1ccccc1,6
CCOc1ccccc1 | OCCc1ccccc1,6
CC(C)CO | OC1=NCCC1,6
CCC(C)=O | CNc1ccccc1,6
C1CCCCC1 | CNc1ccccc1,6
CC(C)O | CCOC(=O)CC(=O)OCC,6
CCCCCC(C)=O | CCN(CC)CC,6
CCOC=O | ClCCCl,6
CCC(C)=O | CN1CCCC1=O,6
C1CCCCC1 | CN1CCCC1=O,6
c1cc[nH]c1 | c1ccncc1,6
CN(CCO)CCO | O,6
COc1ccccc1 | OCCc1ccccc1,6
CN1CCNCC1 | O,6
CO | OCCO,5
CCCCCl | CN1CCCC1=O,6
CCC(C)=O | CCN(CC)CC,6
CC(C)CCl | CC(C)OC(C)C,6
CCCCCCCl | CN1CCCC1=O,6
CN1CCCC1=O | c1ccncc1,6
C1CCCCC1 | CCCCCCCC,6
CN(C)CCCO | O,6
CCCCCCC | c1ccccc1,6
CN1CCCC1=O | ClCCCl,6
C1COCCO1 | O=C1CCCCCC1,6
CC(=O)N(C)C | ClCCCCCl,6
COC=O | ClCCCCl,6
O | OCCOCCO,6
CCC(C)=O | Nc1ccccc1,6
C1COCO1 | CCCCCC(C)=O,6
CCC(C)=O | CCCCNCCCC,6
CCCCC(=O)OC | COC=O,6
CCCCC | CCCOC=O,6
C1COCO1 | CCCC(C)=O,6
C1CCCCC1 | c1ccccc1,6
C1COCO1 | O=C1CCCC1,6
CC1(C)C(=O)[C@]2(C)CC[C@H]1C2 | CCO,6
CC(C)(C)Cl | CC(C)OC(C)C,6
C1CCCCC1 | C1CCOCC1,6
CCCOC=O | ClCCCl,6
OCCOCCO | OCc1ccccc1,6
CN(C)CCO | O,6
CC(C)CO | CCCCBr,6
CCCCCC(C)=O | CCCNCCC,6
NCCNCCN | O,6
CCCOC(=O)CC | Cc1ccccc1,6
C1CCOCC1 | Cc1ccccn1,6
CCCCC(=O)OC | COC(C)=O,6
C=CCCCC | CCCCO,6
C1CCOCC1 | Cc1ccccc1C,6
CC(C)OC(C)C | Cc1ccccc1,6
CCC(C)=O | CCCNCCC,6
NCCCO | O,6
C=CCCCC | CCCO,6
BrCCBr | COC=O,6
O | OC1=NCCC1,6
C1CCCCC1 | CC(C)O,6
C1CCCC1 | CCCCCCCO,6
C1CCOCC1 | Cc1ccccc1,6
CCCCCC(C)=O | CCCCNCCCC,6
C1CCCCC1 | C1COCCO1,6
Cc1ccccc1N | Cc1ccncc1,6
Cc1ccccc1N | Cc1cccnc1,6
CCCCC(=O)OC | CO,6
C1CCOCC1 | CNC=O,6
CC(C)OC(C)C | CCO,6
C1COCO1 | Cc1ccccc1Cl,6
C1CCOCC1 | CCCCCC(C)=O,6
C1COCCO1 | CCCCCC(C)=O,6
C1CCOCC1 | CCCC(C)=O,6
CNC=O | Cc1ccccc1N,6
C1CCOCC1 | O=C1CCCC1,6
C1COCCO1 | CCCC(C)=O,6
Cc1ccccc1N | c1ccncc1,6
C1COCCO1 | O=C1CCCC1,6
C=C(C)[C@H]1CC=C(C)CC1 | CCCCCO,6
CC(C)O | O,6
O | OCCNCCO,6
CC(C)OC(C)C | CCCCCl,6
C1CCOCC1 | CCCCCO,6
C1CCOCC1 | c1ccccc1,6
CCOCCO | c1ccccc1,6
BrCCBr | CCOC=O,6
BrCCCBr | COC(C)=O,6
CC1CCCCC1 | CCCO,6
C1CCNCC1 | O,6
C1COCCN1 | O,6
C1CCOCC1 | CCO,6
CCCO | O=Cc1ccccc1,6
CNC=O | Cc1ccccc1Cl,6
CN(CCO)CCO | c1ccncc1,6
CN1CCCC1=O | Cc1ccccc1,6
C1CCCCC1 | CCCCCC,6
COC=O | ClCCCl,6
CCCCC | COC=O,6
O | OCCN(CCO)CCO,4
CC(=O)N(C)C | ClCCCl,6
CCOc1ccccc1 | OCc1ccccc1,6
CC(C)=O | CNc1ccccc1,6
OCCO | CCCCO,1
C1CCOCC1 | Cc1ccccc1N,6
CCCCC(=O)OCC | CCOC(C)=O,6
CCOC(=O)CC(=O)OCC | CO,6
CC(=O)c1ccccc1 | CC(C)O,6
BrCCBr | CCC(=O)OC,6
CN1CCCC1=O | c1ccccc1,6
COc1ccccc1 | OCc1ccccc1,6
CN(C)C=O | Cc1ccccc1Cl,6
CCCCCCCCC | COC(C)(C)C,6
Clc1ccccc1 | c1ccccc1,6
C1CCOCC1 | Cc1cccnc1,6
CCCCCCC | CNc1ccccc1,6
O | OCC(O)CO,6
C1CCOCC1 | Cc1ccccc1Cl,6
C1COCCO1 | Cc1ccccc1Cl,6
NCCNCCO | O,6
CN(C)C=O | ClCCCCCCCl,6
CC(C)CO | CCOC(=O)CC(=O)OCC,6
CNCCO | O,6
BrCCBr | COC(C)=O,6
CCCCC | CCOC=O,6
CCCCOC(C)=O | c1ccccc1,6
CCOc1ccccc1 | OCCCc1ccccc1,6
CC(=O)CC(C)C | CCC(C)(C)O,6
CC(C)=O | Nc1ccccc1,6
C1CCCCC1 | c1cc[nH]c1,6
CC(C)CC(C)(C)C | CCCC(=O)OC,6
CCCC(=O)OC | COC(C)=O,6
CCN(CC)CCO | O,4
CCC(C)(C)O | CCO,6
Cc1ccccc1N | Cc1ccccn1,6
CC(C)CC(C)(C)C | COC(C)=O,6
COc1ccccc1 | OCCCc1ccccc1,6
CC(C)CC(C)(C)C | CCCO,6
CC(C)CC(C)(C)C | CCCCOCCCC,6
CN(C)C=O | ClCCCCCl,6
CCCCO | OCCO,5
O | OCCN1CCOCC1,6
C1CCOCC1 | O=C1CCCCC1,6
c1cc[nH]c1 | c1ccccc1,6
C1COCCO1 | O=C1CCCCC1,6
OC1=NCCC1 | c1ccncc1,6
CCCCO | OC1=NCCC1,6
CN1CCCC1=O | ClCCCCCCCl,6
CC(C)(C)O | OC1=NCCC1,6
CCCOC(=O)CC | ClCCCl,6
NCCO | c1ccncc1,6
CCC(C)(C)O | CCOC(C)(C)CC,6
CCOCCO | OCc1ccccc1,6
C1CCOCC1 | Cc1ccncc1,6
